{"cameraMode":{"drawMode":0,"name":"Shaded","section":"Shading Mode"},"sceneLighting":true,"audioPlay":false,"sceneViewState":{"showFog":true,"showMaterialUpdate":false,"showSkybox":true,"showFlares":true,"showImageEffects":true,"showParticleSystems":true},"in2DMode":false,"pivot":{"x":-6.265865325927734,"y":3.3294334411621095,"z":9.803399085998536},"rotation":{"x":0.24391037225723267,"y":-0.4161491096019745,"z":0.11692102253437042,"w":0.8681342005729675},"size":11.660451889038086,"orthographic":false}