{"cameraMode":{"drawMode":0,"name":"Shaded","section":"Shading Mode"},"sceneLighting":false,"audioPlay":false,"sceneViewState":{"showFog":true,"showMaterialUpdate":false,"showSkybox":false,"showFlares":true,"showImageEffects":true,"showParticleSystems":true},"in2DMode":false,"pivot":{"x":0.0,"y":1.9274418354034424,"z":0.03015369176864624},"rotation":{"x":0.09277822822332382,"y":0.043298471719026569,"z":-0.0040382565930485729,"w":0.9947385787963867},"size":2.367154836654663,"orthographic":false}