{"cameraMode":{"drawMode":0,"name":"Shaded","section":"Shading Mode"},"sceneLighting":true,"audioPlay":false,"sceneViewState":{"showFog":true,"showMaterialUpdate":false,"showSkybox":true,"showFlares":true,"showImageEffects":true,"showParticleSystems":true},"in2DMode":false,"pivot":{"x":55.633094787597659,"y":19.062232971191408,"z":4.194377899169922},"rotation":{"x":-0.016660530120134355,"y":-0.13249315321445466,"z":0.0022273468784987928,"w":-0.991041362285614},"size":39.35321044921875,"orthographic":false}