{"cameraMode":{"drawMode":0,"name":"Shaded","section":"Shading Mode"},"sceneLighting":false,"audioPlay":false,"sceneViewState":{"showFog":true,"showMaterialUpdate":false,"showSkybox":false,"showFlares":true,"showImageEffects":true,"showParticleSystems":true},"in2DMode":false,"pivot":{"x":0.04054585099220276,"y":0.5151360034942627,"z":-0.3160066604614258},"rotation":{"x":0.009690819308161736,"y":0.9900970458984375,"z":-0.10885103791952133,"w":0.08814894407987595},"size":0.9643661379814148,"orthographic":false}