{"cameraMode":{"drawMode":0,"name":"Shaded","section":"Shading Mode"},"sceneLighting":false,"audioPlay":false,"sceneViewState":{"showFog":true,"showMaterialUpdate":false,"showSkybox":false,"showFlares":true,"showImageEffects":true,"showParticleSystems":true},"in2DMode":false,"pivot":{"x":0.0612499862909317,"y":0.31849998235702517,"z":-0.012250006198883057},"rotation":{"x":-0.4458804428577423,"y":-0.5175355076789856,"z":0.3646404445171356,"w":-0.6327884197235107},"size":0.5661567449569702,"orthographic":false}