{"cameraMode":{"drawMode":0,"name":"Shaded","section":"Shading Mode"},"sceneLighting":false,"audioPlay":false,"sceneViewState":{"showFog":true,"showMaterialUpdate":false,"showSkybox":false,"showFlares":true,"showImageEffects":true,"showParticleSystems":true},"in2DMode":false,"pivot":{"x":-0.000015854835510253906,"y":0.09266059845685959,"z":-0.0036993026733398439},"rotation":{"x":0.31973159313201907,"y":-0.01705395244061947,"z":0.005756313446909189,"w":0.9473398923873901},"size":1.4516547918319703,"orthographic":false}