{"cameraMode":{"drawMode":0,"name":"Shaded","section":"Shading Mode"},"sceneLighting":false,"audioPlay":false,"sceneViewState":{"showFog":true,"showMaterialUpdate":false,"showSkybox":false,"showFlares":true,"showImageEffects":true,"showParticleSystems":true},"in2DMode":false,"pivot":{"x":0.09115640819072724,"y":0.013207852840423584,"z":-0.020572781562805177},"rotation":{"x":0.31973159313201907,"y":-0.01705395244061947,"z":0.005756313446909189,"w":0.9473398923873901},"size":0.24076803028583527,"orthographic":false}