{"cameraMode":{"drawMode":0,"name":"Shaded","section":"Shading Mode"},"sceneLighting":false,"audioPlay":false,"sceneViewState":{"showFog":true,"showMaterialUpdate":false,"showSkybox":false,"showFlares":true,"showImageEffects":true,"showParticleSystems":true},"in2DMode":false,"pivot":{"x":-0.04050397872924805,"y":1.4678573608398438,"z":-0.8132482767105103},"rotation":{"x":0.402246356010437,"y":0.01098603568971157,"z":-0.004827116150408983,"w":0.9154549837112427},"size":2.9725146293640138,"orthographic":false}