{"cameraMode":{"drawMode":0,"name":"Shaded","section":"Shading Mode"},"sceneLighting":false,"audioPlay":false,"sceneViewState":{"showFog":true,"showMaterialUpdate":false,"showSkybox":false,"showFlares":true,"showImageEffects":true,"showParticleSystems":true},"in2DMode":false,"pivot":{"x":-1.2925596237182618,"y":2.0094568729400636,"z":0.13889789581298829},"rotation":{"x":0.05835234373807907,"y":-0.9348806142807007,"z":0.1826072633266449,"w":0.29874277114868166},"size":5.427125453948975,"orthographic":false}