{"cameraMode":{"drawMode":0,"name":"Shaded","section":"Shading Mode"},"sceneLighting":false,"audioPlay":false,"sceneViewState":{"showFog":true,"showMaterialUpdate":false,"showSkybox":false,"showFlares":true,"showImageEffects":true,"showParticleSystems":true},"in2DMode":false,"pivot":{"x":0.013629049062728882,"y":0.09361962974071503,"z":-0.010374441742897034},"rotation":{"x":-0.16127082705497743,"y":0.016283029690384866,"z":0.002661649137735367,"w":0.9867748022079468},"size":0.25025129318237307,"orthographic":false}