{"cameraMode":{"drawMode":0,"name":"Shaded","section":"Shading Mode"},"sceneLighting":false,"audioPlay":false,"sceneViewState":{"showFog":true,"showMaterialUpdate":false,"showSkybox":false,"showFlares":true,"showImageEffects":true,"showParticleSystems":true},"in2DMode":false,"pivot":{"x":-0.024727821350097657,"y":1.1058387756347657,"z":1.2472057342529297},"rotation":{"x":-0.01680808514356613,"y":0.00959563348442316,"z":-0.00016134255565702915,"w":-0.9998128414154053},"size":23.99956512451172,"orthographic":false}