{"cameraMode":{"drawMode":0,"name":"Shaded","section":"Shading Mode"},"sceneLighting":false,"audioPlay":false,"sceneViewState":{"showFog":true,"showMaterialUpdate":false,"showSkybox":false,"showFlares":true,"showImageEffects":true,"showParticleSystems":true},"in2DMode":false,"pivot":{"x":-0.9255944490432739,"y":0.8497609496116638,"z":0.00646364688873291},"rotation":{"x":-0.16127082705497743,"y":0.016283029690384866,"z":0.002661649137735367,"w":0.9867748022079468},"size":1.3152676820755005,"orthographic":false}