{"cameraMode":{"drawMode":0,"name":"Shaded","section":"Shading Mode"},"sceneLighting":true,"audioPlay":false,"sceneViewState":{"showFog":true,"showMaterialUpdate":false,"showSkybox":true,"showFlares":true,"showImageEffects":true,"showParticleSystems":true},"in2DMode":false,"pivot":{"x":29.19437026977539,"y":9.683601379394532,"z":-8.456172943115235},"rotation":{"x":-0.21364441514015199,"y":0.7635838389396668,"z":-0.31147220730781557,"w":-0.5237313508987427},"size":13.703271865844727,"orthographic":false}