{"cameraMode":{"drawMode":0,"name":"Shaded","section":"Shading Mode"},"sceneLighting":false,"audioPlay":false,"sceneViewState":{"showFog":true,"showMaterialUpdate":false,"showSkybox":false,"showFlares":true,"showImageEffects":true,"showParticleSystems":true},"in2DMode":false,"pivot":{"x":-0.006376177072525024,"y":0.08842715620994568,"z":1.9371509552001954e-7},"rotation":{"x":0.09277822822332382,"y":0.043298471719026569,"z":-0.0040382565930485729,"w":0.9947385787963867},"size":0.14685438573360444,"orthographic":false}