{"cameraMode":{"drawMode":0,"name":"Shaded","section":"Shading Mode"},"sceneLighting":false,"audioPlay":false,"sceneViewState":{"showFog":true,"showMaterialUpdate":false,"showSkybox":false,"showFlares":true,"showImageEffects":true,"showParticleSystems":true},"in2DMode":false,"pivot":{"x":-0.39382100105285647,"y":1.3557589054107667,"z":2.1181650161743166},"rotation":{"x":0.15881642699241639,"y":0.2516825497150421,"z":-0.04190824180841446,"w":0.9537724852561951},"size":2.123676061630249,"orthographic":false}