{"cameraMode":{"drawMode":0,"name":"Shaded","section":"Shading Mode"},"sceneLighting":false,"audioPlay":false,"sceneViewState":{"showFog":true,"showMaterialUpdate":false,"showSkybox":false,"showFlares":true,"showImageEffects":true,"showParticleSystems":true},"in2DMode":false,"pivot":{"x":0.8658592700958252,"y":2.8863015174865724,"z":1.1920928955078126e-7},"rotation":{"x":-0.16127082705497743,"y":0.016283029690384866,"z":0.002661649137735367,"w":0.9867748022079468},"size":3.4478163719177248,"orthographic":false}