{"cameraMode":{"drawMode":0,"name":"Shaded","section":"Shading Mode"},"sceneLighting":false,"audioPlay":false,"sceneViewState":{"showFog":true,"showMaterialUpdate":false,"showSkybox":false,"showFlares":true,"showImageEffects":true,"showParticleSystems":true},"in2DMode":false,"pivot":{"x":0.0,"y":0.46215468645095827,"z":-0.0066993944346904758},"rotation":{"x":0.009690819308161736,"y":0.9900970458984375,"z":-0.10885103791952133,"w":0.08814894407987595},"size":0.6643661260604858,"orthographic":false}