{"cameraMode":{"drawMode":0,"name":"Shaded","section":"Shading Mode"},"sceneLighting":false,"audioPlay":false,"sceneViewState":{"showFog":true,"showMaterialUpdate":false,"showSkybox":false,"showFlares":true,"showImageEffects":true,"showParticleSystems":true},"in2DMode":false,"pivot":{"x":-0.00017905235290527344,"y":1.7269620895385743,"z":-0.7135715484619141},"rotation":{"x":0.09277822822332382,"y":0.043298471719026569,"z":-0.0040382565930485729,"w":0.9947385787963867},"size":3.2905375957489015,"orthographic":false}