{"cameraMode":{"drawMode":0,"name":"Shaded","section":"Shading Mode"},"sceneLighting":false,"audioPlay":false,"sceneViewState":{"showFog":true,"showMaterialUpdate":false,"showSkybox":false,"showFlares":true,"showImageEffects":true,"showParticleSystems":true},"in2DMode":false,"pivot":{"x":0.04886656999588013,"y":0.3687533438205719,"z":7.450580596923828e-8},"rotation":{"x":-0.16127082705497743,"y":0.016283029690384866,"z":0.002661649137735367,"w":0.9867748022079468},"size":0.47610098123550417,"orthographic":false}