{"cameraMode":{"drawMode":0,"name":"Shaded","section":"Shading Mode"},"sceneLighting":false,"audioPlay":false,"sceneViewState":{"showFog":true,"showMaterialUpdate":false,"showSkybox":false,"showFlares":true,"showImageEffects":true,"showParticleSystems":true},"in2DMode":false,"pivot":{"x":0.0,"y":1.1191062927246094,"z":0.5062100887298584},"rotation":{"x":0.05835234373807907,"y":-0.9348806142807007,"z":0.1826072633266449,"w":0.29874277114868166},"size":3.7203750610351564,"orthographic":false}