{"cameraMode":{"drawMode":0,"name":"Shaded","section":"Shading Mode"},"sceneLighting":false,"audioPlay":false,"sceneViewState":{"showFog":true,"showMaterialUpdate":false,"showSkybox":false,"showFlares":true,"showImageEffects":true,"showParticleSystems":true},"in2DMode":false,"pivot":{"x":-2.8730735778808595,"y":-1.0000805854797364,"z":0.07614612579345703},"rotation":{"x":-0.03608735650777817,"y":-0.165620818734169,"z":-0.006064571440219879,"w":0.9855119585990906},"size":1.7467455863952637,"orthographic":false}