{"cameraMode":{"drawMode":0,"name":"Shaded","section":"Shading Mode"},"sceneLighting":false,"audioPlay":false,"sceneViewState":{"showFog":true,"showMaterialUpdate":false,"showSkybox":false,"showFlares":true,"showImageEffects":true,"showParticleSystems":true},"in2DMode":false,"pivot":{"x":-0.0057904720306396488,"y":2.2584519386291506,"z":1.3733446598052979},"rotation":{"x":0.09277822822332382,"y":0.043298471719026569,"z":-0.0040382565930485729,"w":0.9947385787963867},"size":3.2570278644561769,"orthographic":false}