{"cameraMode":{"drawMode":0,"name":"Shaded","section":"Shading Mode"},"sceneLighting":false,"audioPlay":false,"sceneViewState":{"showFog":true,"showMaterialUpdate":false,"showSkybox":false,"showFlares":true,"showImageEffects":true,"showParticleSystems":true},"in2DMode":false,"pivot":{"x":34.7599983215332,"y":5.690000057220459,"z":2.5},"rotation":{"x":-0.7039654850959778,"y":-0.029356393963098527,"z":0.029177691787481309,"w":-0.7090365290641785},"size":0.8660253882408142,"orthographic":false}