{"cameraMode":{"drawMode":0,"name":"Shaded","section":"Shading Mode"},"sceneLighting":true,"audioPlay":false,"sceneViewState":{"showFog":true,"showMaterialUpdate":false,"showSkybox":false,"showFlares":true,"showImageEffects":true,"showParticleSystems":true},"in2DMode":false,"pivot":{"x":46.63481903076172,"y":5.180001735687256,"z":-11.192347526550293},"rotation":{"x":0.4193403124809265,"y":-0.1566544622182846,"z":0.07370967417955399,"w":0.8911728262901306},"size":10.0,"orthographic":false}