{"cameraMode":{"drawMode":0,"name":"Shaded","section":"Shading Mode"},"sceneLighting":false,"audioPlay":false,"sceneViewState":{"showFog":true,"showMaterialUpdate":true,"showSkybox":false,"showFlares":true,"showImageEffects":true,"showParticleSystems":true},"in2DMode":false,"pivot":{"x":0.6689109206199646,"y":0.5453696250915527,"z":1.8523926734924317},"rotation":{"x":-0.40255311131477358,"y":0.004666357766836882,"z":-0.002052037511020899,"w":-0.9153836369514465},"size":0.657124400138855,"orthographic":false}