{"cameraMode":{"drawMode":0,"name":"Shaded","section":"Shading Mode"},"sceneLighting":false,"audioPlay":false,"sceneViewState":{"showFog":true,"showMaterialUpdate":false,"showSkybox":false,"showFlares":true,"showImageEffects":true,"showParticleSystems":true},"in2DMode":false,"pivot":{"x":-1.4901161193847657e-7,"y":0.5293167233467102,"z":0.0},"rotation":{"x":0.4019637405872345,"y":-0.29834532737731936,"z":0.1403765231370926,"w":0.8542371392250061},"size":0.7501132488250732,"orthographic":false}