{"cameraMode":{"drawMode":0,"name":"Shaded","section":"Shading Mode"},"sceneLighting":false,"audioPlay":false,"sceneViewState":{"showFog":true,"showMaterialUpdate":true,"showSkybox":false,"showFlares":true,"showImageEffects":true,"showParticleSystems":true},"in2DMode":false,"pivot":{"x":0.3220323324203491,"y":0.10612502694129944,"z":0.03569227457046509},"rotation":{"x":-0.3100365102291107,"y":0.4234861433506012,"z":-0.15694063901901246,"w":-0.836605429649353},"size":0.38086241483688357,"orthographic":false}