{"cameraMode":{"drawMode":0,"name":"Shaded","section":"Shading Mode"},"sceneLighting":false,"audioPlay":false,"sceneViewState":{"showFog":true,"showMaterialUpdate":false,"showSkybox":false,"showFlares":true,"showImageEffects":true,"showParticleSystems":true},"in2DMode":false,"pivot":{"x":576.875,"y":1073.205322265625,"z":-84.1810302734375},"rotation":{"x":-0.10809921473264694,"y":-0.00418635830283165,"z":0.00047323008766397834,"w":-0.9941420555114746},"size":1377.3489990234375,"orthographic":false}