{"cameraMode":{"drawMode":0,"name":"Shaded","section":"Shading Mode"},"sceneLighting":false,"audioPlay":false,"sceneViewState":{"showFog":true,"showMaterialUpdate":true,"showSkybox":false,"showFlares":true,"showImageEffects":true,"showParticleSystems":true},"in2DMode":false,"pivot":{"x":-5.999976634979248,"y":2.0811564922332765,"z":0.29903125762939455},"rotation":{"x":0.41330957412719729,"y":0.2216055989265442,"z":-0.10443524271249771,"w":0.8770180344581604},"size":2.8680217266082765,"orthographic":false}