{"cameraMode":{"drawMode":0,"name":"Shaded","section":"Shading Mode"},"sceneLighting":false,"audioPlay":false,"sceneViewState":{"showFog":true,"showMaterialUpdate":false,"showSkybox":false,"showFlares":true,"showImageEffects":true,"showParticleSystems":true},"in2DMode":false,"pivot":{"x":-0.02499997615814209,"y":1.4500000476837159,"z":0.0},"rotation":{"x":0.06275852024555206,"y":-0.9337345361709595,"z":0.20371565222740174,"w":0.2875988483428955},"size":2.670322895050049,"orthographic":false}