{"cameraMode":{"drawMode":0,"name":"Shaded","section":"Shading Mode"},"sceneLighting":true,"audioPlay":false,"sceneViewState":{"showFog":true,"showMaterialUpdate":true,"showSkybox":true,"showFlares":true,"showImageEffects":true,"showParticleSystems":true},"in2DMode":false,"pivot":{"x":36.81196594238281,"y":5.4632649421691898,"z":5.840705871582031},"rotation":{"x":0.623673141002655,"y":0.07147300243377686,"z":-0.0574200302362442,"w":0.7762942910194397},"size":8.824522972106934,"orthographic":false}