{"cameraMode":{"drawMode":0,"name":"Shaded","section":"Shading Mode"},"sceneLighting":true,"audioPlay":false,"sceneViewState":{"showFog":true,"showMaterialUpdate":true,"showSkybox":true,"showFlares":true,"showImageEffects":true,"showParticleSystems":true},"in2DMode":false,"pivot":{"x":28.1673583984375,"y":3.249197006225586,"z":-5.0460968017578129},"rotation":{"x":-0.36702629923820498,"y":0.32832425832748415,"z":-0.1402904987335205,"w":-0.8589621782302856},"size":19.881996154785158,"orthographic":false}