{"cameraMode":{"drawMode":0,"name":"Shaded","section":"Shading Mode"},"sceneLighting":false,"audioPlay":false,"sceneViewState":{"showFog":true,"showMaterialUpdate":false,"showSkybox":false,"showFlares":true,"showImageEffects":true,"showParticleSystems":true},"in2DMode":false,"pivot":{"x":0.36447590589523318,"y":0.9999995231628418,"z":-0.3234844207763672},"rotation":{"x":-0.3612692058086395,"y":0.2594236731529236,"z":-0.10534187406301499,"w":-0.8894426822662354},"size":1.256845474243164,"orthographic":false}