{"cameraMode":{"drawMode":0,"name":"Shaded","section":"Shading Mode"},"sceneLighting":true,"audioPlay":false,"sceneViewState":{"showFog":true,"showMaterialUpdate":true,"showSkybox":true,"showFlares":true,"showImageEffects":true,"showParticleSystems":true},"in2DMode":false,"pivot":{"x":39.29999923706055,"y":23.899999618530275,"z":-11.699999809265137},"rotation":{"x":-0.4198959469795227,"y":0.32373911142349245,"z":-0.16339004039764405,"w":-0.831976592540741},"size":10.0,"orthographic":false}