{"cameraMode":{"drawMode":0,"name":"Shaded","section":"Shading Mode"},"sceneLighting":false,"audioPlay":false,"sceneViewState":{"showFog":true,"showMaterialUpdate":true,"showSkybox":false,"showFlares":true,"showImageEffects":true,"showParticleSystems":true},"in2DMode":false,"pivot":{"x":43.869998931884769,"y":5.139999866485596,"z":-2.5399999618530275},"rotation":{"x":-0.48066234588623049,"y":0.08966738730669022,"z":-0.049488428980112079,"w":-0.8709047436714172},"size":0.8660253882408142,"orthographic":false}