{"cameraMode":{"drawMode":0,"name":"Shaded","section":"Shading Mode"},"sceneLighting":false,"audioPlay":false,"sceneViewState":{"showFog":true,"showMaterialUpdate":false,"showSkybox":false,"showFlares":true,"showImageEffects":true,"showParticleSystems":true},"in2DMode":false,"pivot":{"x":0.00837862491607666,"y":0.4348083734512329,"z":0.040761977434158328},"rotation":{"x":0.4019637405872345,"y":-0.29834532737731936,"z":0.1403765231370926,"w":0.8542371392250061},"size":0.8911519050598145,"orthographic":false}