{"cameraMode":{"drawMode":0,"name":"Shaded","section":"Shading Mode"},"sceneLighting":true,"audioPlay":false,"sceneViewState":{"showFog":true,"showMaterialUpdate":true,"showSkybox":true,"showFlares":true,"showImageEffects":true,"showParticleSystems":true},"in2DMode":false,"pivot":{"x":21.74985122680664,"y":9.359975814819336,"z":-5.367875099182129},"rotation":{"x":0.3930615484714508,"y":-0.35017675161361697,"z":0.1650267243385315,"w":0.8340531587600708},"size":4.2555036544799809,"orthographic":false}