{"cameraMode":{"drawMode":0,"name":"Shaded","section":"Shading Mode"},"sceneLighting":false,"audioPlay":false,"sceneViewState":{"showFog":true,"showMaterialUpdate":false,"showSkybox":false,"showFlares":true,"showImageEffects":true,"showParticleSystems":true},"in2DMode":false,"pivot":{"x":36.94208526611328,"y":5.269740581512451,"z":-5.617209434509277},"rotation":{"x":-0.04889244586229324,"y":0.939994215965271,"z":-0.15247178077697755,"w":-0.30130821466445925},"size":0.4498855471611023,"orthographic":false}