{"cameraMode":{"drawMode":0,"name":"Shaded","section":"Shading Mode"},"sceneLighting":true,"audioPlay":false,"sceneViewState":{"showFog":true,"showMaterialUpdate":true,"showSkybox":true,"showFlares":true,"showImageEffects":true,"showParticleSystems":true},"in2DMode":false,"pivot":{"x":18.335037231445314,"y":7.494770050048828,"z":-4.750371932983398},"rotation":{"x":0.37692534923553469,"y":0.15586845576763154,"z":-0.06450770795345307,"w":0.9107537865638733},"size":13.289036750793457,"orthographic":false}