{"cameraMode":{"drawMode":0,"name":"Shaded","section":"Shading Mode"},"sceneLighting":false,"audioPlay":false,"sceneViewState":{"showFog":true,"showMaterialUpdate":true,"showSkybox":false,"showFlares":true,"showImageEffects":true,"showParticleSystems":true},"in2DMode":false,"pivot":{"x":20.0,"y":5.429999828338623,"z":-4.050000190734863},"rotation":{"x":0.4220154285430908,"y":0.02854979783296585,"z":-0.013297582045197487,"w":0.9060421586036682},"size":0.8660253882408142,"orthographic":false}