{"cameraMode":{"drawMode":0,"name":"Shaded","section":"Shading Mode"},"sceneLighting":true,"audioPlay":false,"sceneViewState":{"showFog":true,"showMaterialUpdate":false,"showSkybox":false,"showFlares":true,"showImageEffects":true,"showParticleSystems":true},"in2DMode":false,"pivot":{"x":37.33979797363281,"y":7.620233058929443,"z":2.3319129943847658},"rotation":{"x":-0.35813793540000918,"y":0.6410118341445923,"z":-0.4588911235332489,"w":-0.5002681612968445},"size":1.2865170240402222,"orthographic":false}