{"cameraMode":{"drawMode":0,"name":"Shaded","section":"Shading Mode"},"sceneLighting":false,"audioPlay":false,"sceneViewState":{"showFog":true,"showMaterialUpdate":false,"showSkybox":false,"showFlares":true,"showImageEffects":true,"showParticleSystems":true},"in2DMode":false,"pivot":{"x":0.0,"y":0.04210934787988663,"z":0.07988905906677246},"rotation":{"x":0.06275852024555206,"y":-0.9337345361709595,"z":0.20371565222740174,"w":0.2875988483428955},"size":0.18702532351016999,"orthographic":false}