{"cameraMode":{"drawMode":0,"name":"Shaded","section":"Shading Mode"},"sceneLighting":true,"audioPlay":false,"sceneViewState":{"showFog":true,"showMaterialUpdate":false,"showSkybox":false,"showFlares":true,"showImageEffects":true,"showParticleSystems":true},"in2DMode":false,"pivot":{"x":39.254295349121097,"y":22.14600372314453,"z":-0.7199850082397461},"rotation":{"x":0.4193403124809265,"y":-0.1566544622182846,"z":0.07370967417955399,"w":0.8911728262901306},"size":7.774316787719727,"orthographic":false}