{"cameraMode":{"drawMode":0,"name":"Shaded","section":"Shading Mode"},"sceneLighting":true,"audioPlay":false,"sceneViewState":{"showFog":true,"showMaterialUpdate":true,"showSkybox":true,"showFlares":true,"showImageEffects":true,"showParticleSystems":true},"in2DMode":false,"pivot":{"x":26.198999404907228,"y":3.4281997680664064,"z":-17.594013214111329},"rotation":{"x":-0.10142066329717636,"y":0.8923266530036926,"z":-0.25014105439186098,"w":-0.36179712414741518},"size":16.863483428955079,"orthographic":false}