{"cameraMode":{"drawMode":0,"name":"Shaded","section":"Shading Mode"},"sceneLighting":false,"audioPlay":false,"sceneViewState":{"showFog":true,"showMaterialUpdate":false,"showSkybox":false,"showFlares":true,"showImageEffects":true,"showParticleSystems":true},"in2DMode":false,"pivot":{"x":-1.1920928955078126e-7,"y":0.5293166637420654,"z":0.0},"rotation":{"x":0.06275852024555206,"y":-0.9337345361709595,"z":0.20371565222740174,"w":0.2875988483428955},"size":0.750113308429718,"orthographic":false}