{"cameraMode":{"drawMode":0,"name":"Shaded","section":"Shading Mode"},"sceneLighting":false,"audioPlay":false,"sceneViewState":{"showFog":true,"showMaterialUpdate":false,"showSkybox":false,"showFlares":true,"showImageEffects":true,"showParticleSystems":true},"in2DMode":false,"pivot":{"x":-0.3130219280719757,"y":0.42288434505462649,"z":-1.0754964351654053},"rotation":{"x":0.0393354631960392,"y":0.9434119462966919,"z":-0.30617058277130129,"w":0.12123317271471024},"size":1.4933834075927735,"orthographic":false}