{"cameraMode":{"drawMode":0,"name":"Shaded","section":"Shading Mode"},"sceneLighting":false,"audioPlay":false,"sceneViewState":{"showFog":true,"showMaterialUpdate":false,"showSkybox":false,"showFlares":true,"showImageEffects":true,"showParticleSystems":true},"in2DMode":false,"pivot":{"x":-0.46807366609573367,"y":0.7277143001556397,"z":0.6931659579277039},"rotation":{"x":-0.11460743844509125,"y":0.8473120927810669,"z":-0.20358960330486298,"w":-0.4769562780857086},"size":0.63374924659729,"orthographic":false}