{"cameraMode":{"drawMode":0,"name":"Shaded","section":"Shading Mode"},"sceneLighting":true,"audioPlay":false,"sceneViewState":{"showFog":true,"showMaterialUpdate":true,"showSkybox":true,"showFlares":true,"showImageEffects":true,"showParticleSystems":true},"in2DMode":false,"pivot":{"x":26.327938079833986,"y":6.001967430114746,"z":-13.137984275817871},"rotation":{"x":-0.40255311131477358,"y":0.004666357766836882,"z":-0.002052037511020899,"w":-0.9153836369514465},"size":9.694507598876954,"orthographic":false}