{"cameraMode":{"drawMode":0,"name":"Shaded","section":"Shading Mode"},"sceneLighting":false,"audioPlay":false,"sceneViewState":{"showFog":true,"showMaterialUpdate":true,"showSkybox":false,"showFlares":true,"showImageEffects":true,"showParticleSystems":true},"in2DMode":false,"pivot":{"x":-1.4901161193847657e-7,"y":0.5293167233467102,"z":0.0},"rotation":{"x":0.5006401538848877,"y":-0.00186261348426342,"z":0.0010552731109783054,"w":0.865654706954956},"size":0.7501132488250732,"orthographic":false}