{"cameraMode":{"drawMode":0,"name":"Shaded","section":"Shading Mode"},"sceneLighting":false,"audioPlay":false,"sceneViewState":{"showFog":true,"showMaterialUpdate":true,"showSkybox":false,"showFlares":true,"showImageEffects":true,"showParticleSystems":true},"in2DMode":false,"pivot":{"x":-30.01462173461914,"y":0.09284758567810059,"z":-7.5142974853515629},"rotation":{"x":0.391832560300827,"y":0.03311043605208397,"z":-0.014112063683569432,"w":0.9193331003189087},"size":2.8201904296875,"orthographic":false}