{"cameraMode":{"drawMode":0,"name":"Shaded","section":"Shading Mode"},"sceneLighting":true,"audioPlay":false,"sceneViewState":{"showFog":true,"showMaterialUpdate":true,"showSkybox":true,"showFlares":true,"showImageEffects":true,"showParticleSystems":true},"in2DMode":false,"pivot":{"x":32.924537658691409,"y":-11.787006378173829,"z":12.012663841247559},"rotation":{"x":-0.48066234588623049,"y":0.08966738730669022,"z":-0.049488428980112079,"w":-0.8709047436714172},"size":13.571680068969727,"orthographic":false}