{"cameraMode":{"drawMode":0,"name":"Shaded","section":"Shading Mode"},"sceneLighting":true,"audioPlay":false,"sceneViewState":{"showFog":true,"showMaterialUpdate":false,"showSkybox":false,"showFlares":true,"showImageEffects":true,"showParticleSystems":true},"in2DMode":false,"pivot":{"x":36.52366638183594,"y":7.567617416381836,"z":2.9915611743927},"rotation":{"x":0.028620559722185136,"y":0.9700036644935608,"z":-0.14244742691516877,"w":0.19491514563560487},"size":3.0865166187286379,"orthographic":false}