{"cameraMode":{"drawMode":0,"name":"Shaded","section":"Shading Mode"},"sceneLighting":true,"audioPlay":false,"sceneViewState":{"showFog":true,"showMaterialUpdate":true,"showSkybox":true,"showFlares":true,"showImageEffects":true,"showParticleSystems":true},"in2DMode":false,"pivot":{"x":30.86836814880371,"y":-15.965892791748047,"z":-3.2475297451019289},"rotation":{"x":-0.4131227731704712,"y":0.5776585936546326,"z":-0.42544981837272646,"w":-0.5609213709831238},"size":38.152706146240237,"orthographic":false}