{"cameraMode":{"drawMode":0,"name":"Shaded","section":"Shading Mode"},"sceneLighting":false,"audioPlay":false,"sceneViewState":{"showFog":true,"showMaterialUpdate":false,"showSkybox":false,"showFlares":true,"showImageEffects":true,"showParticleSystems":true},"in2DMode":false,"pivot":{"x":-0.05948138236999512,"y":0.4068704843521118,"z":-4.7272114753723148},"rotation":{"x":-0.12468679994344711,"y":0.14147350192070008,"z":-0.017965039238333703,"w":-0.9818935990333557},"size":1.5579339265823365,"orthographic":false}