{"cameraMode":{"drawMode":0,"name":"Shaded","section":"Shading Mode"},"sceneLighting":false,"audioPlay":false,"sceneViewState":{"showFog":true,"showMaterialUpdate":true,"showSkybox":false,"showFlares":true,"showImageEffects":true,"showParticleSystems":true},"in2DMode":false,"pivot":{"x":5.5963239669799809,"y":8.192936897277832,"z":-4.260000705718994},"rotation":{"x":-0.1248236820101738,"y":-0.6896990537643433,"z":0.1225200816988945,"w":-0.702661395072937},"size":11.307043075561524,"orthographic":false}