{"cameraMode":{"drawMode":0,"name":"Shaded","section":"Shading Mode"},"sceneLighting":false,"audioPlay":false,"sceneViewState":{"showFog":true,"showMaterialUpdate":false,"showSkybox":false,"showFlares":true,"showImageEffects":true,"showParticleSystems":true},"in2DMode":false,"pivot":{"x":-5.960464477539063e-8,"y":0.46096333861351015,"z":2.682209014892578e-7},"rotation":{"x":-0.21873147785663606,"y":0.3699380159378052,"z":-0.09006378054618836,"w":-0.8984448313713074},"size":0.5727655291557312,"orthographic":false}