{"cameraMode":{"drawMode":0,"name":"Shaded","section":"Shading Mode"},"sceneLighting":false,"audioPlay":false,"sceneViewState":{"showFog":true,"showMaterialUpdate":true,"showSkybox":false,"showFlares":true,"showImageEffects":true,"showParticleSystems":true},"in2DMode":false,"pivot":{"x":2.549537181854248,"y":4.095638275146484,"z":-2.2278175354003908},"rotation":{"x":-0.16775523126125337,"y":-0.7139226198196411,"z":0.18291015923023225,"w":-0.6547716856002808},"size":8.019803047180176,"orthographic":false}