{"cameraMode":{"drawMode":0,"name":"Shaded","section":"Shading Mode"},"sceneLighting":false,"audioPlay":false,"sceneViewState":{"showFog":true,"showMaterialUpdate":false,"showSkybox":false,"showFlares":true,"showImageEffects":true,"showParticleSystems":true},"in2DMode":false,"pivot":{"x":-5.759481906890869,"y":-2.6235289573669435,"z":-6.087122917175293},"rotation":{"x":-0.12468679994344711,"y":0.14147350192070008,"z":-0.017965039238333703,"w":-0.9818935990333557},"size":0.6419914960861206,"orthographic":false}