{"cameraMode":{"drawMode":0,"name":"Shaded","section":"Shading Mode"},"sceneLighting":false,"audioPlay":false,"sceneViewState":{"showFog":true,"showMaterialUpdate":false,"showSkybox":false,"showFlares":true,"showImageEffects":true,"showParticleSystems":true},"in2DMode":false,"pivot":{"x":-9.750631332397461,"y":-0.31658506393432619,"z":-2.200965166091919},"rotation":{"x":-0.08092046529054642,"y":0.7001740336418152,"z":-0.08038651198148728,"w":-0.7048107981681824},"size":16.970561981201173,"orthographic":false}