{"cameraMode":{"drawMode":0,"name":"Shaded","section":"Shading Mode"},"sceneLighting":false,"audioPlay":false,"sceneViewState":{"showFog":true,"showMaterialUpdate":false,"showSkybox":false,"showFlares":true,"showImageEffects":true,"showParticleSystems":true},"in2DMode":false,"pivot":{"x":-5.059481620788574,"y":-2.6235289573669435,"z":-6.087122917175293},"rotation":{"x":-0.23692134022712708,"y":-0.09252045303583145,"z":0.02267182618379593,"w":-0.9668472409248352},"size":0.6419914960861206,"orthographic":false}