{"cameraMode":{"drawMode":0,"name":"Shaded","section":"Shading Mode"},"sceneLighting":false,"audioPlay":false,"sceneViewState":{"showFog":true,"showMaterialUpdate":false,"showSkybox":false,"showFlares":true,"showImageEffects":true,"showParticleSystems":true},"in2DMode":false,"pivot":{"x":-0.05948281288146973,"y":-0.43504834175109866,"z":0.18287765979766847},"rotation":{"x":-0.23692134022712708,"y":-0.09252045303583145,"z":0.02267182618379593,"w":-0.9668472409248352},"size":2.0404913425445558,"orthographic":false}