{"cameraMode":{"drawMode":0,"name":"Shaded","section":"Shading Mode"},"sceneLighting":false,"audioPlay":false,"sceneViewState":{"showFog":true,"showMaterialUpdate":true,"showSkybox":false,"showFlares":true,"showImageEffects":true,"showParticleSystems":true},"in2DMode":false,"pivot":{"x":-317.7952575683594,"y":69.3870620727539,"z":9.619505882263184},"rotation":{"x":0.16657528281211854,"y":-0.022183621302247049,"z":0.003748557763174176,"w":0.9857727885246277},"size":1.415097951889038,"orthographic":false}