{"cameraMode":{"drawMode":0,"name":"Shaded","section":"Shading Mode"},"sceneLighting":false,"audioPlay":false,"sceneViewState":{"showFog":true,"showMaterialUpdate":true,"showSkybox":false,"showFlares":true,"showImageEffects":true,"showParticleSystems":true},"in2DMode":false,"pivot":{"x":0.36447590589523318,"y":0.9999995231628418,"z":-0.3234844207763672},"rotation":{"x":-0.16707049310207368,"y":-0.3375132083892822,"z":0.061001911759376529,"w":-0.9243688583374023},"size":1.256845474243164,"orthographic":false}