{"cameraMode":{"drawMode":0,"name":"Shaded","section":"Shading Mode"},"sceneLighting":false,"audioPlay":false,"sceneViewState":{"showFog":true,"showMaterialUpdate":false,"showSkybox":false,"showFlares":true,"showImageEffects":true,"showParticleSystems":true},"in2DMode":false,"pivot":{"x":-0.0003985166549682617,"y":0.7946352958679199,"z":0.011956930160522461},"rotation":{"x":-0.21873147785663606,"y":0.3699380159378052,"z":-0.09006378054618836,"w":-0.8984448313713074},"size":2.0821640491485597,"orthographic":false}