{"cameraMode":{"drawMode":0,"name":"Shaded","section":"Shading Mode"},"sceneLighting":false,"audioPlay":false,"sceneViewState":{"showFog":true,"showMaterialUpdate":false,"showSkybox":false,"showFlares":true,"showImageEffects":true,"showParticleSystems":true},"in2DMode":false,"pivot":{"x":1.4905176162719727,"y":0.46495169401168826,"z":0.13488790392875672},"rotation":{"x":-0.23692134022712708,"y":-0.09252045303583145,"z":0.02267182618379593,"w":-0.9668472409248352},"size":0.7485078573226929,"orthographic":false}