{"cameraMode":{"drawMode":0,"name":"Shaded","section":"Shading Mode"},"sceneLighting":true,"audioPlay":false,"sceneViewState":{"showFog":true,"showMaterialUpdate":true,"showSkybox":true,"showFlares":true,"showImageEffects":true,"showParticleSystems":true},"in2DMode":false,"pivot":{"x":791.8726806640625,"y":642.8111572265625,"z":456.4207763671875},"rotation":{"x":-0.19135577976703645,"y":-0.6360089778900147,"z":0.16702625155448914,"w":-0.7286915183067322},"size":899.348876953125,"orthographic":false}