{"cameraMode":{"drawMode":0,"name":"Shaded","section":"Shading Mode"},"sceneLighting":true,"audioPlay":false,"sceneViewState":{"showFog":true,"showMaterialUpdate":true,"showSkybox":true,"showFlares":true,"showImageEffects":true,"showParticleSystems":true},"in2DMode":false,"pivot":{"x":231.3159942626953,"y":671.4815673828125,"z":-70.8583984375},"rotation":{"x":0.03988650068640709,"y":0.008992575109004975,"z":-0.0003578507748898119,"w":0.9991660714149475},"size":0.7141426205635071,"orthographic":false}