{"cameraMode":{"drawMode":0,"name":"Shaded","section":"Shading Mode"},"sceneLighting":false,"audioPlay":false,"sceneViewState":{"showFog":true,"showMaterialUpdate":true,"showSkybox":false,"showFlares":true,"showImageEffects":true,"showParticleSystems":true},"in2DMode":false,"pivot":{"x":-0.14000022411346436,"y":0.07499998807907105,"z":0.049999237060546878},"rotation":{"x":-0.21886049211025239,"y":0.03746994584798813,"z":-0.008405286818742752,"w":-0.9750096797943115},"size":0.735255241394043,"orthographic":false}