{"cameraMode":{"drawMode":0,"name":"Shaded","section":"Shading Mode"},"sceneLighting":false,"audioPlay":false,"sceneViewState":{"showFog":true,"showMaterialUpdate":false,"showSkybox":false,"showFlares":true,"showImageEffects":true,"showParticleSystems":true},"in2DMode":false,"pivot":{"x":6.400000095367432,"y":4.185524940490723,"z":-4.399999618530273},"rotation":{"x":-0.38591453433036806,"y":0.021305106580257417,"z":-0.00891607254743576,"w":-0.9222467541694641},"size":8.822619438171387,"orthographic":false}