{"cameraMode":{"drawMode":0,"name":"Shaded","section":"Shading Mode"},"sceneLighting":true,"audioPlay":false,"sceneViewState":{"showFog":true,"showMaterialUpdate":true,"showSkybox":true,"showFlares":true,"showImageEffects":true,"showParticleSystems":true},"in2DMode":false,"pivot":{"x":-235.1353759765625,"y":58.661407470703128,"z":-86.2879638671875},"rotation":{"x":-0.16775523126125337,"y":-0.7139226198196411,"z":0.18291015923023225,"w":-0.6547716856002808},"size":3.3568484783172609,"orthographic":false}