{"cameraMode":{"drawMode":0,"name":"Shaded","section":"Shading Mode"},"sceneLighting":true,"audioPlay":false,"sceneViewState":{"showFog":true,"showMaterialUpdate":false,"showSkybox":true,"showFlares":true,"showImageEffects":true,"showParticleSystems":true},"in2DMode":false,"pivot":{"x":522.4617919921875,"y":149.19544982910157,"z":-70.71760559082031},"rotation":{"x":-0.019200915470719339,"y":-0.9807822108268738,"z":0.13411255180835725,"w":-0.1404191553592682},"size":152.0336456298828,"orthographic":false}