{"cameraMode":{"drawMode":0,"name":"Shaded","section":"Shading Mode"},"sceneLighting":true,"audioPlay":false,"sceneViewState":{"showFog":true,"showMaterialUpdate":true,"showSkybox":true,"showFlares":true,"showImageEffects":true,"showParticleSystems":true},"in2DMode":false,"pivot":{"x":-240.4956512451172,"y":71.13713073730469,"z":-88.49752807617188},"rotation":{"x":-0.15744177997112275,"y":-0.7148654460906982,"z":0.17063361406326295,"w":-0.6595968008041382},"size":11.553460121154786,"orthographic":false}